id;bucket;object_key;content_type;file_size;checksum;duration_seconds;created_date;last_modified_date;created_by;last_modified_by
1;mysteriously;swim fatherly what;crossly wholly ew;4837;doubtfully versus;6655;2025-10-09T07:10:40;2025-10-09T08:47:06;poorly;outside
2;yahoo;an;likewise yawningly pfft;4619;unfortunately negative display;7114;2025-10-08T23:23:53;2025-10-09T11:31:33;around excepting toward;altruistic vicinity
3;supposing fedora waterlogged;gosh;so;17670;unto diver what;17262;2025-10-08T20:14:59;2025-10-09T05:32:51;where by;what
4;thunderbolt eek;phew than careless;up;17052;enrich taxicab;22054;2025-10-09T01:25:30;2025-10-09T04:48:39;brr atrium;down advocate outside
5;likewise boohoo;um soap individual;glorious;7184;strident thorny repeatedly;9210;2025-10-08T22:52:56;2025-10-09T02:14:35;fuel ah ski;upbeat
6;reproachfully;really madly smoothly;after meatloaf;4411;gee glittering bug;14898;2025-10-09T08:00:09;2025-10-08T16:47:13;flight;obligation barring
7;chip;anenst speedily speedily;obediently substantiate;7026;onto;15916;2025-10-08T18:29:57;2025-10-08T12:14:58;festival husk;nor why
8;bah alliance schedule;keenly meanwhile;times till blight;27480;yellow;17492;2025-10-08T15:16:22;2025-10-09T09:55:02;mould yahoo unfortunate;unethically typeface
9;duh behind best;joyful for;fake digestive lustrous;13461;maul playfully spectacles;20902;2025-10-09T03:42:19;2025-10-09T00:03:13;frankly sediment whenever;geez stool
10;vain uh-huh jubilantly;till thankfully;atop suddenly;5722;out geez yippee;7763;2025-10-09T01:41:27;2025-10-08T23:15:00;maintainer down;government huzzah
