id;first_name;last_name;description;created_date;last_modified_date;created_by;last_modified_by;profile_type
1;Maye;Lakin;cloudy brook careless;2025-10-08T17:55:38;2025-10-08T23:28:13;range alongside gadzooks;geez soliloquy;FREELANCER
2;Raegan;Nolan;boohoo;2025-10-08T13:51:25;2025-10-09T02:48:42;embody bashfully meanwhile;surprisingly or;CLIENT
3;Zita;Franey;access;2025-10-08T13:02:36;2025-10-08T18:21:10;verbally defiantly;those;CLIENT
4;Eloise;Monahan;meanwhile council;2025-10-09T05:35:15;2025-10-09T04:06:44;whoa oof till;elliptical;FREELANCER
5;Alia;Kertzmann;as lively;2025-10-09T02:45:14;2025-10-08T14:15:14;yowza hydrolyze gnash;crest ick;CLIENT
6;Cristopher;Gulgowski;the account;2025-10-09T08:14:21;2025-10-09T03:38:53;justly before everlasting;bah except;CLIENT
7;Morton;Marvin;after minister;2025-10-08T17:47:15;2025-10-08T22:50:53;pension beautifully mysteriously;vary oddly anenst;FREELANCER
8;Cecilia;McKenzie-Jacobi;ugh phooey plagiarise;2025-10-08T16:44:02;2025-10-09T06:07:51;sharply;rigidly fooey;FREELANCER
9;Ramiro;Stiedemann;astride;2025-10-08T14:44:20;2025-10-08T20:50:04;amid;term;CLIENT
10;Royce;Ruecker;cautiously charlatan;2025-10-08T14:32:47;2025-10-09T10:45:22;terribly;unless rapidly anti;FREELANCER
