id;name;created_date;last_modified_date;created_by;last_modified_by
1;freely despite darling;2025-10-09T10:42:42;2025-10-09T03:48:01;adviser;gadzooks geez
2;huff;2025-10-08T20:11:45;2025-10-08T13:46:45;yowza;private meanwhile scarily
3;aha;2025-10-08T13:33:05;2025-10-08T13:59:29;teriyaki zowie outstanding;clearly
4;neatly;2025-10-08T19:42:27;2025-10-08T17:03:39;metabolite mmm;furthermore
5;inside oh;2025-10-08T15:13:32;2025-10-09T05:00:07;yippee with;but crossly
6;irritably;2025-10-08T21:08:43;2025-10-09T02:17:38;shore regarding;inasmuch extract weary
7;whose;2025-10-09T03:42:42;2025-10-08T21:09:49;bah skyscraper;dearly condense before
8;sandbar;2025-10-09T11:38:33;2025-10-09T01:38:37;golden but chapel;boohoo offend abaft
9;yarmulke gadzooks;2025-10-08T18:22:41;2025-10-09T00:51:19;lost quinoa;hmph duh whoever
10;around rapidly supposing;2025-10-09T10:14:56;2025-10-08T21:17:49;excepting;about bashfully phew
